{
  "project_info": {
    "project_number": "980411097653",
    "firebase_url": "https://assignment-3-7a0b6.firebaseio.com",
    "project_id": "assignment-3-7a0b6",
    "storage_bucket": "assignment-3-7a0b6.appspot.com"
  },
  "client": [
    {
      "client_info": {
        "mobilesdk_app_id": "1:980411097653:android:20c91681034cef28",
        "android_client_info": {
          "package_name": "com.mobileappclass.assignment3"
        }
      },
      "oauth_client": [
        {
          "client_id": "980411097653-9cdbmanm24liu8apbte0g3o53kkr7j69.apps.googleusercontent.com",
          "client_type": 3
        }
      ],
      "api_key": [
        {
          "current_key": "AIzaSyB-Ou_4Eo_UyAEUpCMyBYofmVkFl1us0I4"
        }
      ],
      "services": {
        "analytics_service": {
          "status": 1
        },
        "appinvite_service": {
          "status": 1,
          "other_platform_oauth_client": []
        },
        "ads_service": {
          "status": 2
        }
      }
    }
  ],
  "configuration_version": "1"
}